antecedents,consequents,support,confidence,lift,interpretation
"frozenset({'age_group_Age40-59', 'malaysian_Non_Malaysian'})",frozenset({'vaccination_status_Unvaccinated'}),0.052476494066593445,0.8361075544174136,1.3898887257405916,"Among COVID-19 death cases, individuals with (age_group_Age40-59, malaysian_Non_Malaysian) were 1.39 times more likely to also have (vaccination_status_Unvaccinated) compared to the overall population."
"frozenset({'male_Male', 'malaysian_Non_Malaysian'})",frozenset({'vaccination_status_Unvaccinated'}),0.05271758056307091,0.8241206030150755,1.3699624273569837,"Among COVID-19 death cases, individuals with (male_Male, malaysian_Non_Malaysian) were 1.37 times more likely to also have (vaccination_status_Unvaccinated) compared to the overall population."
"frozenset({'bid_BID_No', 'vaccination_status_Partially_Vaccinated', 'male_Female'})","frozenset({'comorb_Comorbidity_Yes', 'age_group_Age>=60', 'malaysian_Malaysian'})",0.07168305161929764,0.6033821871476889,1.2153264502217749,"Among COVID-19 death cases, individuals with (bid_BID_No, vaccination_status_Partially_Vaccinated, male_Female) were 1.22 times more likely to also have (comorb_Comorbidity_Yes, age_group_Age>=60, malaysian_Malaysian) compared to the overall population."
"frozenset({'bid_BID_No', 'age_group_Age>=60', 'vaccination_status_Partially_Vaccinated', 'male_Female'})","frozenset({'comorb_Comorbidity_Yes', 'malaysian_Malaysian'})",0.07168305161929764,0.8937875751503006,1.211106496113825,"Among COVID-19 death cases, individuals with (bid_BID_No, age_group_Age>=60, vaccination_status_Partially_Vaccinated, male_Female) were 1.21 times more likely to also have (comorb_Comorbidity_Yes, malaysian_Malaysian) compared to the overall population."
"frozenset({'bid_BID_No', 'vaccination_status_Partially_Vaccinated', 'male_Female', 'malaysian_Malaysian'})","frozenset({'comorb_Comorbidity_Yes', 'age_group_Age>=60'})",0.07168305161929764,0.6168741355463347,1.209989930332084,"Among COVID-19 death cases, individuals with (bid_BID_No, vaccination_status_Partially_Vaccinated, male_Female, malaysian_Malaysian) were 1.21 times more likely to also have (comorb_Comorbidity_Yes, age_group_Age>=60) compared to the overall population."
"frozenset({'age_group_Age>=60', 'vaccination_status_Partially_Vaccinated', 'male_Female'})","frozenset({'comorb_Comorbidity_Yes', 'bid_BID_No', 'malaysian_Malaysian'})",0.07168305161929764,0.7557187235244283,1.2067642941179928,"Among COVID-19 death cases, individuals with (age_group_Age>=60, vaccination_status_Partially_Vaccinated, male_Female) were 1.21 times more likely to also have (comorb_Comorbidity_Yes, bid_BID_No, malaysian_Malaysian) compared to the overall population."
"frozenset({'comorb_Comorbidity_No', 'male_Female'})",frozenset({'vaccination_status_Unvaccinated'}),0.060298411507862096,0.7242599742599742,1.2039608629424723,"Among COVID-19 death cases, individuals with (comorb_Comorbidity_No, male_Female) were 1.20 times more likely to also have (vaccination_status_Unvaccinated) compared to the overall population."
"frozenset({'age_group_Age40-59', 'comorb_Comorbidity_No'})",frozenset({'vaccination_status_Unvaccinated'}),0.06603091264632611,0.7220269478617458,1.2002488306820516,"Among COVID-19 death cases, individuals with (age_group_Age40-59, comorb_Comorbidity_No) were 1.20 times more likely to also have (vaccination_status_Unvaccinated) compared to the overall population."
